{
  "camo": {
    "description": "Camouflaged objects (CAMO)",
    "seed_text": "camouflaged animal hidden",
    "n_train": 50,
    "n_val": 20,
    "train_iou_mean": 0.5824824890494347,
    "train_iou_std": 0.16381121690104597,
    "val_iou_mean": 0.5538864031434059,
    "val_iou_std": 0.16152547666604444,
    "val_ious": [
      0.388277143239975,
      0.6676924228668213,
      0.5055049061775208,
      0.501044511795044,
      0.778435468673706,
      0.5078507661819458,
      0.6663764119148254,
      0.3667953610420227,
      0.633449375629425,
      0.8739728331565857,
      0.39895501732826233,
      0.7289023399353027,
      0.5592703223228455,
      0.7030882239341736,
      0.5512486100196838,
      0.3466395437717438,
      0.596484899520874,
      0.18632617592811584,
      0.4863543212413788,
      0.6310594081878662
    ],
    "generalization_gap": 0.0285960859060288,
    "cross_class_ious": {
      "polyp": 0.8075986444950104
    },
    "final_tokens": "<start_of_text>camouflaged animal hidden <end_of_text>!gift !!!!!!!!",
    "history_loss_start": 5.030897617340088,
    "history_loss_end": 3.5803720951080322
  },
  "polyp": {
    "description": "Gastrointestinal polyps (Kvasir-SEG)",
    "seed_text": "gastrointestinal polyp tissue",
    "n_train": 50,
    "n_val": 20,
    "train_iou_mean": 0.826419563293457,
    "train_iou_std": 0.06980923785640447,
    "val_iou_mean": 0.8409374356269836,
    "val_iou_std": 0.06662393535019541,
    "val_ious": [
      0.6577568054199219,
      0.8937975764274597,
      0.8844295144081116,
      0.7882462739944458,
      0.8079911470413208,
      0.8910706639289856,
      0.7999774217605591,
      0.8732011318206787,
      0.8249082565307617,
      0.9456567168235779,
      0.9114125370979309,
      0.8422122001647949,
      0.893432080745697,
      0.8784611821174622,
      0.8323257565498352,
      0.7564954161643982,
      0.8405309915542603,
      0.8921176195144653,
      0.8667245507240295,
      0.7380008697509766
    ],
    "generalization_gap": -0.014517872333526638,
    "cross_class_ious": {
      "camo": 0.5350013479590416
    },
    "final_tokens": "<start_of_text>gastrointestinal polyp tissue <end_of_text>bavcarpen!!!fandstem!!",
    "history_loss_start": 5.286825180053711,
    "history_loss_end": 1.5662473440170288
  }
}